,node,minority,indegree,outdegree,pagerank,wtf
0,993,0,40,177,0.0008358233870838027,0
1,859,0,18,13,0.00045314052644075193,0
2,298,0,38,46,0.000933266127405189,0
3,553,0,0,27,0.0001500000000000001,0
4,672,0,163,43,0.00543491774460703,53
5,971,0,10,23,0.000344294640069553,0
6,27,0,3,23,0.000278490276733314,0
7,231,0,11,13,0.0004084867394688868,0
8,306,0,24,21,0.0012631672709057704,1
9,706,0,3,14,0.00016894954262782502,0
10,496,0,255,25,0.0078064308457004156,95
11,558,0,45,14,0.001894252544500239,0
12,784,0,6,16,0.00019200635127198374,0
13,239,0,15,11,0.0003839586890131002,0
14,578,0,259,21,0.008007806509078693,465
15,55,0,1,15,0.00018962506874145783,0
16,906,0,64,41,0.002522921021333965,0
17,175,0,2,52,0.00019216295948825413,0
18,14,0,6,43,0.00044042896641515263,0
19,77,0,9,12,0.0003955102352548009,0
20,31,0,97,28,0.002523890995053492,0
21,481,0,21,18,0.0011649851041450592,0
22,310,0,54,16,0.001708162893974479,2
23,311,0,7,19,0.00029898549365663037,0
24,883,0,31,22,0.0009014172326579808,0
25,788,0,67,20,0.0017697321433328215,3
26,45,0,1,26,0.0002172928556466424,0
27,103,0,8,21,0.00020149018174969423,0
28,760,0,16,11,0.0005289577903909193,0
29,1,0,19,33,0.0004239147017624872,0
30,823,0,19,34,0.0005382078290457296,0
31,710,0,53,18,0.0013506306143218469,0
32,614,0,47,53,0.0014690545415560845,0
33,790,0,16,19,0.0004229041740373682,0
34,408,0,2,19,0.00015821745171078834,0
35,736,0,39,18,0.0015163914721583738,0
36,957,0,15,17,0.000408195132093198,0
37,366,0,10,16,0.00019897317228463824,0
38,918,0,69,11,0.0021926678595977495,1
39,267,0,5,18,0.00020660188095831793,0
40,230,0,1,18,0.0001574744352655715,0
41,996,0,13,15,0.0003180295956696006,0
42,635,0,9,35,0.00026520886614158083,0
43,698,0,19,16,0.000550008686718797,0
44,251,0,0,17,0.0001500000000000001,0
45,783,0,11,19,0.00040244247642643,0
46,819,0,133,39,0.005693211704478096,10
47,141,0,74,18,0.002361303508515938,1
48,316,0,0,24,0.0001500000000000001,0
49,587,0,18,16,0.0006827237892225117,0
50,331,0,7,28,0.00024338876360512508,0
51,295,0,52,104,0.0013976684746348055,0
52,262,0,45,15,0.0018098596646007614,1
53,432,0,1,13,0.00015973909250009298,0
54,862,0,306,40,0.009753080484611487,422
55,582,0,19,34,0.00041270336147364225,0
56,272,0,10,11,0.00032806834121734067,0
57,270,0,28,21,0.0017529823834889697,0
58,987,0,30,73,0.000747075047709768,0
59,319,0,38,39,0.001089492625686356,0
60,569,0,14,25,0.00039613989710230216,0
61,643,0,16,14,0.00040393925512729805,0
62,142,0,4,19,0.0002446491392075572,0
63,202,0,105,100,0.003269949542489047,302
64,413,0,2,14,0.00022568846665544834,0
65,196,0,2,17,0.0001552868452063207,0
66,264,0,33,19,0.0010686085287276625,0
67,531,0,69,32,0.0021461930928012673,10
68,252,0,8,12,0.00023435115790842952,0
69,576,0,14,41,0.00035506869610409943,0
70,738,0,46,50,0.0012888553805750632,0
71,299,0,14,9,0.0006325768053598724,0
72,740,0,82,51,0.00187904334064202,0
73,247,0,0,13,0.0001500000000000001,0
74,926,0,49,44,0.0011272791618257506,0
75,412,0,14,15,0.0005165982283438664,0
76,389,0,4,17,0.0003213173153116618,0
77,796,0,8,37,0.00040244828235769297,0
78,601,0,79,45,0.0020463450756714784,5
79,654,0,45,34,0.0016191601128990995,0
80,261,0,7,25,0.0003877571772493616,0
81,456,0,3,14,0.00020464287036984079,0
82,386,0,35,12,0.0008272430389373767,0
83,982,0,5,18,0.00022401085482000413,0
84,909,0,10,19,0.0004009204577264711,0
85,693,0,36,90,0.0013934654206638679,0
86,236,0,8,17,0.0005283349682203935,1
87,501,0,106,22,0.0026881523180120833,2
88,497,0,28,41,0.0004960271826192721,0
89,874,0,5,82,0.00044837924005505884,0
90,452,0,4,29,0.00018698992764876746,0
91,494,0,19,18,0.0005133038571443643,0
92,923,0,21,14,0.0007628158196319354,0
93,279,0,5,25,0.00019769885521769774,0
94,638,0,68,49,0.00247592625159634,2
95,485,0,7,20,0.00021223383094548677,0
96,568,0,16,17,0.0004678754161766889,0
97,108,0,19,71,0.0006205160957368553,0
98,367,0,1,34,0.0001565581662604833,0
99,644,0,45,19,0.0024173513150731146,31
100,785,0,133,17,0.0040178185605025075,175
101,873,0,2,49,0.00017091306130061033,0
102,65,0,11,27,0.000285384030615984,0
103,902,0,50,16,0.0015531573839180867,0
104,317,0,341,20,0.009655216419016188,258
105,636,0,11,26,0.000502639228623724,0
106,666,0,155,54,0.00425333795862427,65
107,789,0,6,34,0.00022294848904591688,0
108,958,0,17,36,0.0005176227073191632,0
109,214,0,0,22,0.0001500000000000001,0
110,97,0,0,15,0.0001500000000000001,0
111,583,0,24,22,0.0006107670087790095,0
112,466,0,278,18,0.010085670835240229,546
113,523,0,26,28,0.0005672457790933293,0
114,255,0,17,22,0.00037367232999348016,0
115,385,0,55,30,0.001056453928699102,0
116,545,0,2,18,0.00020237701392004774,0
117,382,0,13,10,0.0003142905321130332,0
118,489,0,8,20,0.0002837314109080315,0
119,513,0,28,9,0.0007538677027805407,0
120,780,0,18,19,0.0009787320310847424,0
121,904,0,140,16,0.0037259519008123374,2
122,122,0,4,17,0.00028250355035786993,0
123,946,0,18,37,0.0005840873310866184,0
124,60,0,38,36,0.0013973696686460963,0
125,844,0,339,18,0.010077703995611642,160
126,372,0,25,14,0.0005094848660737684,0
127,283,0,19,23,0.00048444657414265885,0
128,939,0,11,19,0.00041600451978186684,0
129,608,0,28,25,0.0012723944006831807,0
130,495,0,2,22,0.00020681946452741657,0
131,630,0,9,14,0.00026299528175842196,0
132,596,0,0,39,0.0001500000000000001,0
133,713,0,3,16,0.0002986876504668911,0
134,753,0,165,14,0.004958845280339519,466
135,624,0,17,40,0.0007808441482577752,0
136,312,0,28,35,0.0007837362632374816,0
137,8,0,76,41,0.002279595362321682,2
138,529,0,61,21,0.0023147709680437,1
139,876,0,7,23,0.0002902060038474181,0
140,101,0,6,20,0.00035803175446617896,0
141,615,0,16,17,0.00048426345917912037,0
142,520,0,22,22,0.0005464443328207402,0
143,249,0,11,43,0.0005486177433826386,0
144,278,0,5,17,0.0002171783188505608,0
145,424,0,99,14,0.0029362057358402706,1
146,384,0,71,31,0.002325630128341182,7
147,395,0,9,38,0.0003206321583126668,0
148,54,0,37,18,0.0017862870648830457,0
149,34,0,1,12,0.0002805071130031404,0
150,271,0,78,46,0.0027697050027016175,1
151,30,0,82,17,0.0018628657288890904,0
152,403,0,9,20,0.0002467715868195251,0
153,757,0,4,23,0.00031336094579192296,0
154,975,0,22,24,0.0010412749194989644,0
155,990,0,34,87,0.0009681214921529797,0
156,457,0,37,34,0.0009938792386097873,0
157,362,0,16,9,0.00033612011986828866,0
158,860,0,115,41,0.0031445177422003167,4
159,483,0,49,19,0.0014648021194294555,0
160,580,0,33,55,0.0007620524415906886,0
161,986,0,87,33,0.0021955391069751343,0
162,688,0,23,23,0.0010251256419616915,0
163,864,0,53,20,0.001315718472203856,0
164,927,0,36,19,0.001133685265271073,1
165,378,0,1,17,0.0002082168421280689,0
166,320,0,49,16,0.0011591714398529543,0
167,942,0,6,35,0.0005623824441732648,1
168,351,0,18,17,0.000837404562343666,0
169,418,0,24,19,0.0006264400884333365,0
170,945,0,8,15,0.0003956857507009359,0
171,795,0,96,14,0.0031270267861892797,17
172,145,0,3,16,0.0002734797516240479,0
173,826,0,5,22,0.00019345582743879786,0
174,492,0,9,34,0.0004405067866052802,0
175,751,0,24,20,0.0007354507059985954,0
176,240,0,112,39,0.003455571431793418,23
177,648,0,28,18,0.00064906978160274,0
178,886,0,40,42,0.0010776448905042667,0
179,144,0,7,20,0.00027705863567410635,0
180,767,0,36,35,0.001346798978455841,0
181,999,0,27,13,0.00111492902571346,0
182,467,0,9,21,0.00025081248886886645,0
183,315,0,98,102,0.003162564283021636,0
184,989,0,19,16,0.0005028257456357879,0
185,922,0,0,19,0.0001500000000000001,0
186,717,0,18,21,0.0006224333651622935,0
187,458,0,0,24,0.0001500000000000001,0
188,773,0,121,19,0.003294880521550994,67
189,204,0,106,37,0.002873189485361991,0
190,834,0,78,36,0.002652168373235319,0
191,832,0,8,73,0.0006171143349688767,0
192,435,0,125,45,0.003737271230829887,5
193,5,0,80,275,0.002589178466139178,0
194,769,0,0,9,0.0001500000000000001,0
195,679,0,94,18,0.0022420583138831733,0
196,722,0,281,17,0.0074588123271466305,79
197,215,0,21,20,0.0005317279411076946,0
198,653,0,8,24,0.0004303843752106402,0
199,150,0,282,18,0.010237045127755003,381
200,687,0,3,18,0.00020639147191666495,0
201,500,0,56,56,0.001562860228818309,0
202,332,0,22,30,0.0005671843171767537,0
203,979,0,14,18,0.00034563564847693383,0
204,817,0,25,55,0.0007204985581762162,0
205,620,0,102,35,0.0032569906818006437,14
206,814,0,5,20,0.00019310390818423062,0
207,516,0,0,16,0.0001500000000000001,0
208,518,0,57,17,0.0027250189280488856,35
209,940,0,40,18,0.0007880839583892658,0
210,113,0,64,38,0.002122236370975429,124
211,612,0,2,62,0.00017052253065516897,0
212,37,0,2,40,0.00019208224710491598,0
213,894,0,25,41,0.0005264783221555754,0
214,895,0,13,11,0.00037017113194479556,0
215,992,0,106,38,0.0030870465401559737,81
216,158,0,21,18,0.0006353449700877128,0
217,154,0,3,12,0.0001792405127006296,0
218,40,0,16,21,0.0009164308343166698,0
219,585,0,43,34,0.0011401575074476515,0
220,805,0,9,17,0.0003102294934483832,0
221,592,0,251,14,0.007012481899192857,23
222,964,0,82,134,0.0019213015008283161,0
223,266,0,0,17,0.0001500000000000001,0
224,406,0,95,70,0.0033853331283420687,1
225,294,0,39,19,0.0011900203999195504,0
226,604,0,35,18,0.0009777680999026176,0
227,522,0,30,15,0.0009021595003373031,0
228,18,0,39,18,0.0008892810926984006,0
229,425,0,21,23,0.0011539736043236113,0
230,527,0,10,24,0.0003315003058522367,0
231,308,0,26,20,0.000735872186065419,0
232,622,0,44,76,0.0011921870327212846,0
233,794,0,59,34,0.0017387243960006497,0
234,62,0,3,16,0.00021016441636411968,0
235,79,0,29,20,0.0006555213717093646,0
236,680,0,3,18,0.00020257417594724805,0
237,193,0,34,35,0.0011957470255418603,0
238,750,0,30,14,0.0012431038142873246,0
239,181,0,17,37,0.0008956451666819124,0
240,535,0,2,24,0.00017033086201961078,0
241,484,0,95,59,0.002882929892049268,2
242,200,0,16,159,0.00043718621704298867,0
243,364,0,5,15,0.00019136156261861215,0
244,991,0,79,24,0.0020305301076527487,1
245,462,0,27,43,0.0006505471475097795,0
246,356,0,17,19,0.0009139085042562686,0
247,2,0,13,22,0.0005124707005539222,0
248,478,0,47,34,0.0021668916434480893,0
249,695,0,50,109,0.0014507792897250679,1
250,253,0,130,23,0.0036485657227143756,136
251,667,0,1,20,0.00016622952852530975,0
252,85,0,59,18,0.0021996733428269154,0
253,969,0,59,39,0.0016392849719330201,0
254,75,0,95,44,0.0017631989659083298,0
255,786,0,70,26,0.0014154256834508967,0
256,658,0,71,99,0.0015976351238581824,0
257,465,0,18,43,0.00032573648888961317,0
258,920,0,3,39,0.00017943272479607015,0
259,38,0,20,14,0.0006864673849786018,0
260,944,0,3,20,0.0002252540986681831,0
261,725,0,13,30,0.0003515749075846924,0
262,436,0,4,34,0.00019225837379521627,0
263,140,0,1,20,0.00016779693080333385,0
264,818,0,2,12,0.0001674202336789994,0
265,602,0,2,21,0.00017569266404475763,0
266,745,0,196,42,0.004804475990670145,571
267,471,0,34,16,0.0009756089494153633,0
268,342,0,16,31,0.0004527709693707429,0
269,416,0,370,17,0.01054426679885682,126
270,711,0,63,80,0.0022121565401021647,0
271,557,0,6,18,0.0002203735158851112,0
272,50,0,8,19,0.00047268727259980564,0
273,162,0,3,17,0.00017986656217020228,0
274,765,0,111,46,0.003354223071457338,1
275,856,0,5,18,0.00019215089560783842,0
276,867,0,85,100,0.0019177223548998794,0
277,524,0,9,19,0.00027663931557996485,0
278,443,0,83,22,0.0022398036790530758,4
279,172,0,14,29,0.00028801213914290817,0
280,956,0,0,12,0.0001500000000000001,0
281,330,0,30,17,0.0011582391208953189,0
282,352,0,43,41,0.0014307652444440007,0
283,857,0,100,38,0.003008457560783193,8
284,766,0,91,16,0.0027799127835999677,177
285,39,0,168,10,0.004944632281981658,3
286,852,0,8,17,0.0003292779047623285,0
287,875,0,167,28,0.005223315012167455,520
288,156,0,5,17,0.00021156106126630716,0
289,222,0,11,41,0.0004339035730841255,0
290,641,0,0,12,0.0001500000000000001,0
291,210,0,0,9,0.0001500000000000001,0
292,746,0,55,18,0.0017805225120074695,0
293,960,0,15,17,0.00039247319809436823,0
294,700,0,73,19,0.00241512765268847,0
295,167,0,48,19,0.0017311520223222663,0
296,998,0,2,22,0.00022805596127892683,0
297,984,0,57,42,0.0020434940447454195,0
298,491,0,9,42,0.00028147496310509826,0
299,10,0,56,20,0.0017839919443717468,0
300,105,0,0,21,0.0001500000000000001,0
301,68,0,18,12,0.0005607196519646069,0
302,479,0,69,11,0.0018020121374365053,0
303,399,0,90,17,0.002543356203771672,0
304,434,0,10,42,0.0007249722699301669,4
305,258,0,3,56,0.0001680949597954414,0
306,827,0,75,23,0.0023250191291637077,2
307,884,0,84,46,0.0028481714150467227,4
308,304,0,28,16,0.0008559860598104563,0
309,811,0,4,12,0.00017905478457073905,0
310,938,0,96,9,0.0038983241434381167,3
311,924,0,0,13,0.0001500000000000001,0
312,526,0,8,16,0.00025441433509853075,0
313,20,0,1,23,0.00016467839744911995,0
314,905,0,30,16,0.0009517207013252346,0
315,380,0,35,15,0.0012806894513659579,0
316,420,0,28,26,0.0009418384118779324,0
317,285,0,9,35,0.00028113383358807653,0
318,71,0,8,19,0.00033026207950624946,0
319,49,0,379,28,0.011148577076948586,28
320,179,0,23,20,0.0006454631217254696,0
321,506,0,30,272,0.0008777044649373865,0
322,929,0,91,46,0.002001782664946111,0
323,116,0,18,19,0.000577795686137753,0
324,293,0,29,21,0.0009670046186101977,0
325,76,0,26,35,0.0012229540418475476,0
326,48,0,78,35,0.0023971487418884647,54
327,503,0,9,11,0.00023926207580444978,0
328,263,0,51,18,0.0012799157913838614,0
329,808,0,22,55,0.0008493003751948594,0
330,863,0,134,29,0.0038369836722723176,113
331,748,0,10,55,0.0003076711703985003,0
332,64,0,3,15,0.00016808660682387822,0
333,798,0,19,11,0.0008709757587022533,0
334,52,0,7,10,0.0002477105546854185,0
335,440,0,3,18,0.00019190521204665416,0
336,124,0,20,22,0.0006815057309531448,0
337,650,0,10,17,0.000322198590069017,0
338,409,0,141,18,0.004657736341536804,513
339,752,0,20,19,0.0007359762153097158,0
340,952,0,36,23,0.000848326156719851,0
341,477,0,90,45,0.0035310024465202844,87
342,118,0,32,25,0.0009126644759841782,0
343,12,0,96,55,0.0023857751750506434,0
344,157,0,0,14,0.0001500000000000001,0
345,337,0,90,17,0.0028704714990836285,0
346,127,0,115,19,0.0039124840763992185,5
347,46,0,9,18,0.0003029827065850501,0
348,235,0,8,14,0.0004457730377407728,0
349,538,0,11,20,0.0003542524296063106,0
350,241,0,17,20,0.00034805719997035866,0
351,590,0,7,20,0.0003550405933316059,0
352,358,0,13,19,0.0008162639037201032,0
353,959,0,9,14,0.0002813136922880834,0
354,848,0,13,14,0.0004387762570794085,0
355,792,0,30,17,0.0008972216794743541,0
356,325,0,93,51,0.0038226626047849406,96
357,899,0,2,22,0.0001631007845366855,0
358,809,0,21,48,0.00076748387161187,1
359,350,0,107,31,0.002510912576995493,0
360,363,0,2,21,0.00017136073777059832,0
361,17,0,23,44,0.0015549778442082755,0
362,186,0,19,14,0.0006781879765239472,0
363,402,0,4,15,0.00045257518970201325,0
364,338,0,89,19,0.0030238920669681123,1
365,206,0,128,18,0.0032850484478007536,0
366,963,0,12,41,0.00047591437159232513,0
367,345,0,76,13,0.0019151463819521131,13
368,313,0,14,24,0.0009110125313906985,1
369,242,0,5,45,0.0003669817034380916,0
370,913,0,9,17,0.0005372424387518086,0
371,170,0,235,43,0.0066021873691151445,643
372,187,0,32,28,0.0015452994969959676,2
373,934,0,25,16,0.0014578256514466911,3
374,133,0,137,18,0.0036836025611031047,5
375,301,0,87,57,0.0034979255449203053,6
376,731,0,105,17,0.00239236640003294,8
377,670,0,15,12,0.0006914713184263705,0
378,318,0,46,46,0.0013749017151665234,0
379,78,0,26,21,0.000792410199718449,0
380,521,0,27,13,0.001156884655835236,0
381,346,0,12,28,0.00026077392237831766,0
382,198,0,74,22,0.0016966240812761734,0
383,865,0,10,31,0.0002859262270129919,0
384,548,0,47,29,0.0010245133020241836,0
385,915,0,19,18,0.0008216390082830394,0
386,588,0,14,18,0.0005364570744172176,0
387,447,0,27,20,0.001149087328010057,0
388,21,0,95,298,0.002299173134186403,0
389,724,0,2,37,0.00018612447558004526,0
390,718,0,83,54,0.0016714896019776426,0
391,250,0,4,14,0.00034635102690855997,0
392,243,0,61,54,0.0013493989319841584,0
393,571,0,12,24,0.0002978670234051583,0
394,35,0,11,24,0.0004795748017838861,0
395,81,0,0,32,0.0001500000000000001,0
396,159,0,103,91,0.0033048177307736675,263
397,333,0,14,15,0.0002863875743265408,0
398,837,0,11,15,0.0004753812083600253,0
399,474,0,15,18,0.00039801586420090457,0
400,671,0,260,16,0.007043025746203241,12
401,109,0,105,23,0.0026926827912947568,5
402,661,0,1,80,0.0002574353848757714,0
403,379,0,131,21,0.005331956917781693,60
404,625,0,21,18,0.00044076289245813873,0
405,603,0,67,18,0.0019374111593169906,0
406,92,0,0,43,0.0001500000000000001,0
407,451,0,21,17,0.0009825150589875807,0
408,652,0,12,51,0.00037588112198942724,0
409,822,0,94,35,0.0029208343291908558,3
410,855,0,106,57,0.0031089280561537864,2
411,390,0,15,98,0.0004907123137059372,0
412,577,0,14,19,0.0005195248639964091,0
413,985,0,5,20,0.00025635031042942725,0
414,422,0,40,11,0.0015301888373424667,0
415,211,0,67,40,0.002570968354070195,47
416,171,0,53,21,0.0013399285217175032,0
417,165,0,1,22,0.0001537800390305017,0
418,238,0,18,24,0.0005371809401634559,0
419,188,0,4,30,0.0003943797768919683,0
420,685,0,4,21,0.00017702414606278913,0
421,803,0,154,105,0.004547050304008174,121
422,344,0,11,10,0.00039742243718295664,0
423,741,0,15,16,0.000519269426830399,0
424,453,0,198,23,0.006164363050800065,76
425,646,0,18,131,0.0008741356487397636,0
426,830,0,30,36,0.0013211601989209707,0
427,155,0,17,17,0.0006435225929432167,0
428,487,0,144,20,0.004962172225419571,30
429,597,0,59,23,0.0017924692441396606,4
430,988,0,14,22,0.0005874534125496564,0
431,125,0,9,32,0.00025565681215784905,0
432,66,0,13,30,0.0005374596824485973,0
433,908,0,35,11,0.001137758694573016,0
434,511,0,8,24,0.00033275440889674436,0
435,224,0,16,29,0.0005481181808067411,0
436,268,0,10,13,0.0006115879103662779,0
437,161,0,13,14,0.00045998746380046377,0
438,813,0,29,59,0.0007421979931888207,0
439,618,0,42,13,0.0014038240227646692,0
440,676,0,0,16,0.0001500000000000001,0
441,178,0,11,11,0.00032515373285830134,0
442,950,0,23,15,0.0007994856371528607,0
443,415,0,103,13,0.0038315286243692207,30
444,100,0,2,17,0.00021238941711477496,0
445,733,0,76,66,0.0016601256118764078,0
446,689,0,24,30,0.001078302834506621,0
447,229,0,3,15,0.000284210014756239,0
448,334,0,59,20,0.0019845434752725102,2
449,627,0,6,21,0.00019539213311379618,0
450,702,0,15,21,0.0007339376541916152,0
451,878,0,10,19,0.0004482638679710647,0
452,482,0,27,15,0.0006811617852663309,0
453,919,0,122,32,0.0032504873748744295,12
454,220,0,8,34,0.0003140251147813145,0
455,391,0,5,18,0.00043096670968118927,0
456,912,0,17,16,0.0003926610820575799,0
457,427,0,39,20,0.0009751696501232994,0
458,309,0,10,12,0.0004973013572746963,0
459,775,0,26,60,0.0005921666324314,0
460,885,0,19,32,0.00069931928698514,0
461,15,0,14,135,0.0004287994840352006,0
462,493,0,3,47,0.0002483230814403748,0
463,245,0,65,17,0.0016451794215016015,0
464,898,0,36,20,0.0013260295446935698,0
465,6,0,11,57,0.0005339013346342551,0
466,613,0,4,17,0.00018679449821569206,0
467,533,0,1,24,0.00015274283770309665,0
468,397,0,4,17,0.0002696870571752561,0
469,721,0,24,19,0.00047964913216301037,0
470,858,0,8,16,0.00028177954518895357,0
471,691,0,9,38,0.00030217288669223116,0
472,104,0,153,41,0.0047379568067003434,6
473,303,0,0,21,0.0001500000000000001,0
474,549,0,18,18,0.00037548415552310984,0
475,729,0,40,14,0.0009259803698516722,0
476,208,0,10,21,0.00030418461135815696,0
477,302,0,27,10,0.0008711455513178829,0
478,51,0,124,38,0.0038576872963107965,19
479,90,0,439,38,0.014881790558289327,8
480,354,0,67,68,0.0018431969896427294,0
481,632,0,4,17,0.00035596471142287743,0
482,460,0,11,17,0.00036935880739838445,0
483,22,0,19,32,0.00047605818657214533,0
484,374,0,9,38,0.0003034279544899925,0
485,546,0,178,11,0.005560019420188697,46
486,439,0,4,34,0.0001711741817084756,0
487,218,0,48,57,0.0010680202698161924,0
488,737,0,16,43,0.0004548952532631385,0
489,505,0,40,31,0.001683410324066467,0
490,605,0,304,23,0.0085851016870045,128
491,801,0,39,16,0.0016092406807418469,0
492,948,0,201,39,0.006282755913062264,345
493,683,0,45,32,0.0014468588282758414,0
494,205,0,139,14,0.004281583320801647,145
495,647,0,4,39,0.00020444166517573947,0
496,190,0,45,36,0.0016952590428715953,0
497,361,0,15,32,0.0004648607200217341,0
498,664,0,31,19,0.0008028317775588288,0
499,375,0,10,41,0.0003177220812621368,0
500,631,0,78,31,0.0020038394168415724,7
501,185,0,35,13,0.0011017026499604698,2
502,732,0,15,41,0.0004046196542736053,0
503,404,0,2,8,0.0003445212102675675,0
504,194,0,4,23,0.0002977443470387622,0
505,564,0,24,32,0.0007262657214799596,0
506,401,0,69,23,0.001974259882384601,0
507,530,0,6,14,0.00042278412654086746,0
508,656,0,6,22,0.0002520658015346798,0
509,441,0,5,16,0.00017256206522447772,0
510,132,0,27,27,0.0006574658982403291,0
511,233,0,127,28,0.004131515764369462,66
512,173,0,24,35,0.0006389960052310522,0
513,428,0,45,33,0.0014603576949167296,0
514,567,0,0,15,0.0001500000000000001,0
515,967,0,3,22,0.00019440382912422257,0
516,758,0,90,62,0.0020366196126894325,3
517,626,0,59,15,0.001676222730500784,0
518,96,0,11,15,0.0007240201823937127,0
519,781,0,17,29,0.0004307250579110465,0
520,499,0,92,13,0.0024489406557178456,1
521,74,0,2,53,0.00015873004568154572,0
522,89,0,0,45,0.0001500000000000001,0
523,609,0,108,27,0.00432480785711367,217
524,0,0,3,60,0.0001713619216004648,0
525,392,0,59,29,0.0020990078066744767,0
526,476,0,14,13,0.0003960839691776516,0
527,799,0,4,19,0.00020759001422938642,0
528,519,0,4,14,0.0004311181187671024,0
529,107,0,49,123,0.0015136334882835153,1
530,708,0,2,15,0.00022845742348036557,0
531,634,0,106,21,0.003135522305025546,0
532,223,0,31,16,0.0006572062736250334,0
533,327,0,43,69,0.0008126224379894478,0
534,102,0,32,18,0.0015960812694078915,1
535,704,0,165,28,0.004665021644395921,5
536,475,0,6,19,0.00030025208487121524,0
537,213,0,132,16,0.004572738177458272,2
538,135,0,373,44,0.013496555865023083,16
539,246,0,234,19,0.006318030550277399,308
540,970,0,9,17,0.00032643604219957824,0
541,891,0,8,13,0.0006060351965752358,0
542,619,0,20,18,0.0004217929704472367,0
543,815,0,26,16,0.0007787756494614812,0
544,365,0,4,23,0.00020263974063766717,0
545,812,0,14,24,0.0007426219531000634,0
546,26,0,23,20,0.000686587703865709,0
547,642,0,45,26,0.0014235231007331465,0
548,417,0,84,19,0.0028192170685120838,0
549,907,0,2,22,0.00019025383096169858,0
550,921,0,161,27,0.005143014959059052,10
551,3,0,106,89,0.003012921904185241,354
552,134,0,29,12,0.0006064131906416237,0
553,355,0,19,27,0.0006066043191450712,0
554,877,0,6,11,0.00026472313929936037,0
555,768,0,41,66,0.0013813718260875768,0
556,836,0,10,22,0.00042216263065575116,0
557,561,0,311,140,0.009255702453301998,128
558,892,0,23,38,0.0007990052655345771,0
559,225,0,11,23,0.00035192496334009816,0
560,820,0,42,35,0.001140562958608296,0
561,369,0,14,51,0.000472954255991102,0
562,681,0,2,32,0.0001576466838569428,0
563,339,0,4,12,0.00025268463706611127,0
564,419,0,23,19,0.0008158814974318301,0
565,829,0,30,16,0.0009423024692688527,0
566,951,0,161,178,0.004393049693125661,7
567,454,0,133,15,0.003490749577420311,22
568,63,0,67,217,0.002614479507450296,28
569,759,0,24,29,0.0008492923418996635,0
570,360,0,238,47,0.00682723424245286,155
571,237,0,10,18,0.00032328821195893215,0
572,112,0,4,7,0.00023408775132201278,0
573,640,0,11,19,0.00031993497856559825,0
574,532,0,62,51,0.0018271827767404425,0
575,126,0,18,42,0.0003252283903630536,0
576,259,0,0,23,0.0001500000000000001,0
577,742,0,44,23,0.0015313693313940928,0
578,761,0,64,17,0.0017053108419665633,0
579,137,0,23,14,0.0008060152158419191,0
580,7,0,104,15,0.0035990731847650274,25
581,502,0,17,15,0.000472877843268593,0
582,831,0,45,16,0.0015008863434233886,0
583,762,0,421,31,0.013111965633952486,100
584,851,0,1,10,0.00016912455775100065,0
585,407,0,9,13,0.0005871879297269857,0
586,692,0,21,11,0.0005520769034934833,0
587,353,0,61,54,0.002174668719616464,0
588,153,0,31,20,0.0006846275285090446,0
589,566,0,132,23,0.003564822581242702,24
590,542,0,41,18,0.0012378528386490647,0
591,343,0,48,55,0.001306468887194139,3
592,887,0,6,20,0.0003656349500698896,0
593,997,0,2,20,0.00015821745171078834,0
594,825,0,7,19,0.0002523512802919381,0
595,56,0,3,14,0.00016139393683316575,0
596,400,0,3,19,0.00022722917198161362,0
597,572,0,26,15,0.0007390308011907989,0
598,473,0,74,43,0.0018937946709853767,0
599,468,0,27,34,0.0007344560723309044,0
600,651,1,9,21,0.0004356193267177275,0
601,669,1,29,72,0.0005368394092010154,0
602,504,1,35,34,0.0010964702650046176,0
603,900,1,10,46,0.0003789354167136484,0
604,649,1,3,13,0.00033066105545434006,0
605,931,1,6,31,0.0002521207316664507,0
606,300,1,7,117,0.0002319019856763504,0
607,674,1,9,15,0.0006251873343869897,4
608,665,1,5,45,0.0002685293920188727,0
609,570,1,2,23,0.00018689067896493464,0
610,163,1,15,22,0.0007188745877097285,0
611,336,1,16,24,0.00040005334683995843,0
612,59,1,7,26,0.0003096940120879792,0
613,821,1,0,25,0.0001500000000000001,0
614,933,1,10,18,0.0003916277668889609,0
615,490,1,1,22,0.00016131379409874854,0
616,787,1,17,20,0.0005482294166310465,0
617,449,1,2,18,0.00017125429140983512,0
618,703,1,0,26,0.0001500000000000001,0
619,437,1,1,9,0.0001523136064454024,0
620,563,1,0,17,0.0001500000000000001,0
621,720,1,4,44,0.0002698974029099467,0
622,890,1,23,27,0.0009621119084998008,0
623,219,1,19,18,0.001224247980325279,0
624,678,1,7,24,0.0014049432646376777,0
625,586,1,5,13,0.0003493505139080072,0
626,282,1,14,16,0.0004207133725081594,0
627,348,1,26,113,0.0008756825717521476,0
628,686,1,7,31,0.00036518348629764044,0
629,4,1,0,16,0.0001500000000000001,0
630,995,1,8,18,0.00031837817439633236,0
631,463,1,0,37,0.0001500000000000001,0
632,776,1,11,15,0.000722339974347479,0
633,682,1,4,12,0.00019090133332854298,0
634,879,1,2,12,0.00017910624440813658,0
635,517,1,15,28,0.000530158850929498,0
636,573,1,11,23,0.00030845576002821843,0
637,793,1,2,19,0.0002460229879383822,0
638,893,1,6,26,0.00025314134001647306,0
639,534,1,2,19,0.0002870652792636236,0
640,903,1,18,13,0.001084321586594108,0
641,276,1,2,19,0.00015295748416774312,0
642,284,1,0,18,0.0001500000000000001,0
643,470,1,7,60,0.0002818154138593619,0
644,426,1,6,20,0.0005868523053074742,0
645,281,1,1,26,0.0001869909261675231,0
646,120,1,4,12,0.00021980795830673066,0
647,593,1,13,22,0.0005379565211842715,0
648,981,1,0,16,0.0001500000000000001,0
649,13,1,2,14,0.00017435509706381706,0
650,655,1,2,35,0.00017094060212958432,0
651,455,1,3,18,0.00018533124749288733,0
652,584,1,0,38,0.0001500000000000001,0
653,955,1,3,16,0.00040161174346751164,0
654,160,1,7,13,0.000367235444291392,0
655,977,1,0,25,0.0001500000000000001,0
656,973,1,3,17,0.00018170211702072395,0
657,715,1,13,36,0.00034131860038349397,0
658,744,1,0,13,0.0001500000000000001,0
659,195,1,1,17,0.0001522621122704344,0
660,191,1,7,18,0.00020991888422566943,0
661,628,1,14,31,0.0006020034716790918,0
662,536,1,12,26,0.00034829952891208833,0
663,880,1,8,17,0.00026867410871443274,0
664,164,1,0,26,0.0001500000000000001,0
665,106,1,4,25,0.00020571244331809042,0
666,16,1,11,59,0.0003640218902158137,0
667,575,1,23,31,0.0009800996478955268,0
668,925,1,18,18,0.0008838741247915547,0
669,712,1,1,50,0.00015283333333333343,0
670,540,1,10,35,0.0003649550208398561,0
671,329,1,13,43,0.00036111159999643346,0
672,480,1,1,34,0.00015800280524614187,0
673,498,1,9,31,0.00047052371670572367,0
674,968,1,11,17,0.0007261220393313618,4
675,405,1,0,32,0.0001500000000000001,0
676,743,1,12,21,0.00033843403855240636,0
677,93,1,5,37,0.000589782125271656,0
678,433,1,34,38,0.0008035735109794062,0
679,83,1,9,29,0.00024115188327320427,0
680,843,1,13,50,0.0005869048291720258,0
681,914,1,1,25,0.0001529648074110281,0
682,657,1,7,28,0.0003369283281947722,0
683,414,1,10,47,0.00041763225844884395,0
684,662,1,6,19,0.0003057343505146269,0
685,978,1,10,18,0.0004549380169333578,0
686,771,1,0,22,0.0001500000000000001,0
687,728,1,8,9,0.00033300856798803213,0
688,911,1,1,22,0.00015269970591053224,0
689,807,1,0,23,0.0001500000000000001,0
690,322,1,3,43,0.00016717052527443055,0
691,556,1,5,19,0.00028701138347296355,0
692,357,1,4,21,0.00029055910296690136,0
693,69,1,1,29,0.00018093469394874797,0
694,514,1,1,18,0.00017259817101420192,0
695,509,1,6,22,0.00040634547206264853,0
696,340,1,1,29,0.0001670797512666799,0
697,221,1,8,21,0.0002736387570527616,0
698,928,1,8,56,0.000530391185469637,0
699,146,1,1,19,0.00048288220013869193,1
700,289,1,0,36,0.0001500000000000001,0
701,29,1,2,18,0.0001584614985095119,0
702,114,1,4,16,0.000389105568967387,0
703,508,1,14,39,0.0006480849323734801,0
704,810,1,6,22,0.00023772116823239818,0
705,972,1,14,16,0.0003944199539286836,0
706,176,1,4,30,0.0002694261145897137,0
707,168,1,5,26,0.000182255600254082,0
708,347,1,3,44,0.00021007923261614754,0
709,376,1,5,52,0.0002734105404581963,0
710,764,1,5,16,0.0002983142687872173,0
711,871,1,3,10,0.000187199979714368,0
712,889,1,10,21,0.00033880993066985924,0
713,772,1,5,24,0.0003411628037670153,0
714,189,1,5,16,0.00026837982233605587,0
715,136,1,56,77,0.0020878265951638805,0
716,446,1,23,19,0.0015209718423604965,0
717,839,1,1,16,0.0004154195835726806,0
718,254,1,8,34,0.0005242755220370415,0
719,881,1,7,15,0.0005775066114982597,2
720,290,1,27,39,0.0012289481344553365,1
721,941,1,0,594,0.0001500000000000001,0
722,954,1,24,21,0.0008303567596110402,0
723,232,1,3,11,0.00021398564645446334,0
724,645,1,13,57,0.0004401774321615949,0
725,33,1,9,18,0.00024330791596949104,0
726,88,1,3,22,0.00019011611793525853,0
727,44,1,16,37,0.0006912818332106708,2
728,341,1,0,13,0.0001500000000000001,0
729,61,1,5,76,0.0002068627521628499,0
730,953,1,3,36,0.0002115213898258476,0
731,199,1,22,15,0.0006826525454199119,0
732,429,1,1,25,0.0001529648074110281,0
733,747,1,5,33,0.00022182759256128331,0
734,394,1,3,18,0.0001720354067721965,0
735,730,1,0,20,0.0001500000000000001,0
736,297,1,4,28,0.0002103390369737445,0
737,73,1,4,35,0.0004571355892686376,0
738,393,1,0,52,0.0001500000000000001,0
739,547,1,28,25,0.0008685291626105338,0
740,579,1,15,16,0.0005192050458532192,0
741,541,1,5,54,0.00023237287947706025,0
742,854,1,2,20,0.00015530370686442325,0
743,833,1,5,21,0.00022841858267439022,0
744,840,1,7,39,0.00026449547558752613,0
745,663,1,0,20,0.0001500000000000001,0
746,217,1,5,28,0.0002650625427233297,0
747,539,1,10,17,0.0008287760487423486,0
748,828,1,10,20,0.00076839369635851,0
749,623,1,10,18,0.00044593631441567017,0
750,668,1,3,15,0.0002748106091755699,0
751,824,1,12,17,0.0004192243030843446,0
752,421,1,24,34,0.0008068168300085315,0
753,694,1,0,17,0.0001500000000000001,0
754,138,1,4,18,0.00017463570390515156,0
755,212,1,16,16,0.0004265051838394729,0
756,616,1,10,22,0.0003124917734469385,0
757,842,1,38,14,0.0009343592995913244,0
758,838,1,5,19,0.00038169472853732603,0
759,866,1,3,22,0.00018165147446348685,0
760,727,1,2,42,0.00018677770013475633,0
761,965,1,5,64,0.0005341103653556142,1
762,701,1,1,22,0.00019110740124612903,0
763,726,1,6,25,0.00022674594691135958,0
764,917,1,3,22,0.00016312145193836256,0
765,716,1,1,6,0.00015269970591053224,0
766,234,1,0,13,0.0001500000000000001,0
767,67,1,14,42,0.0006368902842838507,0
768,24,1,4,33,0.00022639607060116033,0
769,381,1,5,18,0.0005146039399089965,0
770,216,1,8,19,0.0003895876991156535,0
771,735,1,9,95,0.00028621853278462114,0
772,129,1,39,29,0.001239337893501795,0
773,349,1,0,32,0.0001500000000000001,0
774,111,1,9,17,0.00042738727436826085,0
775,166,1,6,18,0.0002605212632581493,0
776,207,1,4,17,0.00025084083166425407,0
777,438,1,8,13,0.00039467163585298266,0
778,552,1,2,13,0.0001669026410305558,0
779,274,1,0,21,0.0001500000000000001,0
780,974,1,0,17,0.0001500000000000001,0
781,591,1,5,26,0.00041717612833218673,0
782,800,1,4,13,0.00019855163734659116,0
783,937,1,15,18,0.0003523159566634302,0
784,525,1,6,14,0.0003365404641683954,0
785,287,1,0,16,0.0001500000000000001,0
786,469,1,5,15,0.00018697236318784786,0
787,326,1,16,44,0.0005113309472455685,0
788,121,1,1,20,0.00016412452246443495,0
789,994,1,0,9,0.0001500000000000001,0
790,507,1,19,12,0.0009687793592723736,0
791,228,1,2,14,0.00018535688932050883,0
792,673,1,11,101,0.0004403460818442296,0
793,595,1,4,13,0.00018457507483395018,0
794,445,1,5,39,0.00019475968653680115,0
795,117,1,19,129,0.0003908729488475467,0
796,464,1,2,53,0.0002023300235490218,0
797,25,1,5,16,0.00020109418665374744,0
798,110,1,1,29,0.00016063084015289282,0
799,149,1,0,11,0.0001500000000000001,0
800,152,1,7,32,0.0005129039539130736,1
801,528,1,11,22,0.000495007047092548,0
802,696,1,9,80,0.00032493067714314914,0
803,621,1,5,21,0.00036395692797372284,0
804,461,1,18,41,0.000321084555763389,0
805,598,1,6,28,0.000628404074355499,0
806,139,1,3,14,0.0001900652316746072,0
807,749,1,1,17,0.0001565581662604833,0
808,260,1,47,83,0.0023192922762605996,0
809,961,1,5,18,0.0003602821885272242,0
810,323,1,14,15,0.0005382720702242023,0
811,897,1,9,35,0.0003863688516557761,0
812,248,1,40,31,0.0014877812335093383,20
813,450,1,2,17,0.00018709232689064046,0
814,410,1,9,71,0.0004195360987617622,0
815,607,1,9,14,0.00033621202878406325,0
816,19,1,5,19,0.00024042615363749353,0
817,328,1,0,23,0.0001500000000000001,0
818,296,1,4,20,0.0002453071073626944,0
819,269,1,2,20,0.000163990918542304,0
820,226,1,2,21,0.00021676904927070718,0
821,94,1,14,13,0.0005829795218733574,0
822,515,1,0,16,0.0001500000000000001,0
823,841,1,16,38,0.0011137210497194987,0
824,637,1,1,41,0.0001516848542804638,0
825,280,1,15,48,0.0004220158427140134,0
826,286,1,53,19,0.0014872304485571129,0
827,589,1,0,26,0.0001500000000000001,0
828,930,1,15,19,0.0007920035321866112,0
829,444,1,3,17,0.00021317213860725477,0
830,184,1,4,60,0.00033223995088226655,0
831,371,1,7,36,0.00031529819978611673,0
832,872,1,9,31,0.00020785496722293132,0
833,976,1,2,32,0.00016493026176128852,0
834,275,1,4,28,0.00029421708441139415,0
835,806,1,1,9,0.00015725729403512557,0
836,935,1,5,48,0.00021299517139792138,0
837,182,1,1,26,0.00015269970591053224,0
838,32,1,5,40,0.00038202286780082906,0
839,80,1,4,35,0.0001852889948438877,0
840,307,1,3,37,0.0001788197686197393,0
841,770,1,10,22,0.0002896155861606612,0
842,11,1,2,66,0.00021064593775527363,0
843,43,1,7,14,0.00024497943561496786,0
844,86,1,1,15,0.0001571854879655652,0
845,778,1,0,20,0.0001500000000000001,0
846,36,1,9,14,0.0002455484281876292,0
847,980,1,0,15,0.0001500000000000001,0
848,58,1,11,13,0.0007809938002491821,0
849,41,1,1,15,0.0001574744352655715,0
850,782,1,1,13,0.0001672452345882707,0
851,411,1,16,27,0.0008785970768195328,0
852,562,1,3,10,0.0002188119045238277,0
853,209,1,4,32,0.0003178825308325267,0
854,148,1,2,24,0.00019336830121050022,0
855,739,1,13,33,0.00034713969296788706,0
856,594,1,64,15,0.002812338342363885,0
857,123,1,4,33,0.0003145435612327521,0
858,734,1,1,11,0.0001627236074887501,0
859,574,1,11,31,0.0003620965210638522,0
860,98,1,10,30,0.0003966843886945623,0
861,377,1,7,106,0.00019536604703649987,0
862,130,1,10,19,0.0002937993472716413,0
863,699,1,1,16,0.00015257571004260821,0
864,23,1,3,21,0.00027571594475238223,0
865,869,1,5,18,0.0002376012431578861,0
866,555,1,2,19,0.0001610730666980387,0
867,370,1,15,20,0.0009804518372934978,0
868,512,1,5,17,0.0006053301205211281,0
869,383,1,1,20,0.0001565581662604833,0
870,201,1,2,20,0.0001552067584867808,0
871,368,1,21,26,0.0008061254284164073,0
872,554,1,11,80,0.00045176232564514814,0
873,610,1,2,38,0.0001931486962198112,0
874,387,1,13,36,0.0006708811869225852,0
875,861,1,1,19,0.00015233786670886782,0
876,816,1,1,16,0.00015345232175756706,0
877,292,1,11,21,0.000338372287842196,0
878,690,1,0,28,0.0001500000000000001,0
879,256,1,0,17,0.0001500000000000001,0
880,606,1,6,42,0.00038380200670991765,0
881,197,1,11,22,0.00037035403381362485,0
882,95,1,5,37,0.00028859284049817876,0
883,962,1,7,36,0.0003586434155406815,0
884,943,1,1,24,0.0001513087864546494,0
885,169,1,8,34,0.00024213196953881054,0
886,581,1,7,17,0.0005618646723023167,1
887,305,1,5,16,0.0004632375661564214,0
888,560,1,5,17,0.0004741986304768923,0
889,853,1,10,42,0.00034767531407196113,0
890,373,1,0,16,0.0001500000000000001,0
891,719,1,38,14,0.0011880488584725842,0
892,791,1,15,19,0.0007990289132871862,12
893,227,1,3,17,0.0002935767148155395,0
894,660,1,8,21,0.000877034318788037,1
895,143,1,4,28,0.000315833783873422,0
896,846,1,0,16,0.0001500000000000001,0
897,180,1,7,25,0.0005809435488931277,0
898,868,1,0,14,0.0001500000000000001,0
899,131,1,0,16,0.0001500000000000001,0
900,949,1,7,17,0.000351410240412856,0
901,47,1,2,11,0.00020688446841226504,0
902,774,1,1,17,0.0002085945632317673,0
903,324,1,0,35,0.0001500000000000001,0
904,203,1,61,16,0.0022345363129320614,7
905,84,1,0,16,0.0001500000000000001,0
906,633,1,0,18,0.0001500000000000001,0
907,565,1,0,21,0.0001500000000000001,0
908,611,1,2,108,0.00016629864878956789,0
909,398,1,12,18,0.0003144240656851917,0
910,896,1,10,18,0.00026872543886968185,0
911,91,1,3,11,0.0001705984987205396,0
912,82,1,7,16,0.0007328364320375676,0
913,430,1,4,26,0.00018388503004113126,0
914,779,1,16,34,0.0006328968439897161,1
915,119,1,9,27,0.00028902631870974393,0
916,870,1,15,18,0.0005079918899930868,0
917,291,1,1,16,0.0001553125000000001,0
918,57,1,9,19,0.0005246625708583876,0
919,321,1,35,21,0.0019230097649068076,1
920,257,1,1,17,0.00015405801112413253,0
921,888,1,1,31,0.00016218742405819196,0
922,947,1,0,13,0.0001500000000000001,0
923,442,1,1,18,0.00017124082354762706,0
924,42,1,2,31,0.00016071158770309665,0
925,617,1,6,22,0.000224590910784379,0
926,388,1,10,37,0.00035294146130626896,0
927,335,1,26,27,0.0006597298294571415,0
928,273,1,9,34,0.00023793764909169082,0
929,756,1,3,16,0.0002299390593685463,0
930,488,1,14,32,0.0003723585443497178,0
931,550,1,7,31,0.0002489530340732417,0
932,901,1,9,14,0.0002679790906231096,0
933,53,1,81,17,0.002946614758763513,3
934,932,1,1,11,0.00018709251198592935,0
935,936,1,26,22,0.0010454645169103976,0
936,128,1,31,62,0.0013503878005924695,0
937,802,1,11,14,0.0006841350156806341,0
938,28,1,7,17,0.0003566357270805686,0
939,183,1,12,19,0.00035718093139714086,0
940,882,1,4,22,0.00018601211845453486,0
941,459,1,2,21,0.00023438659242366218,0
942,510,1,4,59,0.00024670080936514964,0
943,675,1,0,13,0.0001500000000000001,0
944,151,1,9,57,0.0003051193161768602,0
945,244,1,12,14,0.00031861284878653007,0
946,714,1,10,29,0.0003966561236740794,0
947,543,1,3,66,0.00017564401948670086,0
948,544,1,0,16,0.0001500000000000001,0
949,639,1,3,22,0.00019498463277629267,0
950,697,1,11,80,0.00046783483452542476,0
951,265,1,7,22,0.0005033927178681062,0
952,288,1,19,31,0.0008776425648143662,0
953,423,1,26,40,0.0011097779397127,0
954,910,1,17,23,0.0007172078478624795,0
955,147,1,0,126,0.0001500000000000001,0
956,659,1,0,33,0.0001500000000000001,0
957,797,1,5,37,0.00029375565540104906,0
958,966,1,6,18,0.00039428686255511624,0
959,177,1,32,18,0.0009942969289683606,0
960,99,1,4,65,0.0002970748204183392,0
961,850,1,1,25,0.00016584120045145439,0
962,448,1,10,26,0.00036100848080776113,0
963,431,1,2,29,0.00016038074920854826,0
964,847,1,3,67,0.0001848351919242784,0
965,709,1,1,17,0.0001548000360016844,0
966,755,1,0,40,0.0001500000000000001,0
967,115,1,7,51,0.00032863712842263684,0
968,916,1,0,17,0.0001500000000000001,0
969,777,1,4,17,0.00032757348252556063,0
970,72,1,9,34,0.0002535593311561114,0
971,845,1,6,34,0.00031405750591273,0
972,537,1,49,15,0.001758506901686913,0
973,677,1,4,34,0.00022331974606591297,0
974,849,1,1,19,0.00016467229697794079,0
975,983,1,14,48,0.0004833720407000729,0
976,174,1,2,17,0.00016914157539020313,0
977,87,1,13,35,0.0006802114182723794,0
978,551,1,7,130,0.0003422064845488667,0
979,486,1,7,30,0.0005964692861132691,0
980,705,1,1,15,0.00015605364923996012,0
981,314,1,16,18,0.0005256988614214979,0
982,396,1,0,13,0.0001500000000000001,0
983,600,1,1,12,0.00016903406379201869,0
984,472,1,12,17,0.0004590022681367954,0
985,70,1,4,21,0.00017929947943550739,0
986,599,1,9,19,0.0002592139078167769,0
987,804,1,7,17,0.00020168155343504592,0
988,754,1,5,13,0.00017625445081086014,0
989,277,1,6,20,0.000241924918596324,0
990,723,1,5,15,0.00018760108597495325,0
991,9,1,2,15,0.00017768841252033686,0
992,359,1,2,48,0.0002331218766216905,0
993,707,1,2,14,0.00015639525983380102,0
994,763,1,2,13,0.0001660332384210303,0
995,835,1,6,24,0.00022477560168225095,0
996,192,1,3,19,0.00029649524719762465,0
997,629,1,16,18,0.0007124101731880198,0
998,559,1,2,15,0.00016648239818784432,0
999,684,1,7,38,0.00027394702392015836,0
